port_id,date,path,width,height,metres_per_pixel,water_frac,water_median,water_sd90
USLAX,2018-09-16,USLAX_2018-09-16.png,2436,2245,10.0,0.7769,10.33,1.716
USLAX,2018-10-16,USLAX_2018-10-16.png,2436,2245,10.0,0.7776,7.0,0.663
USLAX,2018-10-31,USLAX_2018-10-31.png,2436,2245,10.0,0.7768,13.67,0.725
USLAX,2018-12-15,USLAX_2018-12-15.png,2436,2245,10.0,0.7778,6.33,0.865
USLAX,2018-12-30,USLAX_2018-12-30.png,2436,2245,10.0,0.7664,8.67,1.15
USLAX,2019-01-04,USLAX_2019-01-04.png,2436,2245,10.0,0.7778,9.33,0.878
USLAX,2019-01-19,USLAX_2019-01-19.png,2436,2245,10.0,0.775,16.67,1.044
USLAX,2019-02-08,USLAX_2019-02-08.png,2436,2245,10.0,0.7827,13.33,0.784
USLAX,2019-03-30,USLAX_2019-03-30.png,2436,2245,10.0,0.7759,11.67,1.304
USLAX,2019-09-06,USLAX_2019-09-06.png,2436,2245,10.0,0.777,8.0,1.216
USLAX,2019-09-21,USLAX_2019-09-21.png,2436,2245,10.0,0.7799,11.67,0.725
USLAX,2019-10-06,USLAX_2019-10-06.png,2436,2245,10.0,0.7778,9.0,0.746
USLAX,2019-10-26,USLAX_2019-10-26.png,2436,2245,10.0,0.7798,7.67,0.698
USLAX,2019-11-05,USLAX_2019-11-05.png,2436,2245,10.0,0.7803,16.0,0.786
USLAX,2020-01-29,USLAX_2020-01-29.png,2436,2245,10.0,0.7767,9.67,0.996
USLAX,2020-09-30,USLAX_2020-09-30.png,2436,2245,10.0,0.7775,17.33,0.891
USLAX,2020-11-04,USLAX_2020-11-04.png,2436,2245,10.0,0.7836,19.0,0.799
USLAX,2020-11-09,USLAX_2020-11-09.png,2436,2245,10.0,0.7767,10.0,0.806
USLAX,2020-11-29,USLAX_2020-11-29.png,2436,2245,10.0,0.7773,8.67,0.826
USLAX,2020-12-19,USLAX_2020-12-19.png,2436,2245,10.0,0.778,6.33,0.857
USLAX,2020-12-29,USLAX_2020-12-29.png,2436,2245,10.0,0.7716,8.67,0.972
USLAX,2021-02-17,USLAX_2021-02-17.png,2436,2245,10.0,0.7758,13.33,0.795
USLAX,2021-02-22,USLAX_2021-02-22.png,2436,2245,10.0,0.7766,5.33,0.702
USLAX,2021-02-27,USLAX_2021-02-27.png,2436,2245,10.0,0.7763,19.67,1.003
USLAX,2021-03-04,USLAX_2021-03-04.png,2436,2245,10.0,0.7776,10.33,0.726
USLAX,2021-03-24,USLAX_2021-03-24.png,2436,2245,10.0,0.7763,12.0,1.192
USLAX,2021-09-30,USLAX_2021-09-30.png,2436,2245,10.0,0.7762,16.33,0.963
USLAX,2021-10-05,USLAX_2021-10-05.png,2436,2245,10.0,0.7771,9.0,0.857
USLAX,2021-10-10,USLAX_2021-10-10.png,2436,2245,10.0,0.778,8.67,0.697
USLAX,2021-10-15,USLAX_2021-10-15.png,2436,2245,10.0,0.7763,15.0,0.666
USLAX,2021-11-14,USLAX_2021-11-14.png,2436,2245,10.0,0.7769,5.67,0.765
USLAX,2021-12-19,USLAX_2021-12-19.png,2436,2245,10.0,0.7785,9.67,0.911
USLAX,2022-01-03,USLAX_2022-01-03.png,2436,2245,10.0,0.7827,1.0,0.534
USLAX,2022-01-23,USLAX_2022-01-23.png,2436,2245,10.0,0.7777,1.0,0.45
USLAX,2022-02-07,USLAX_2022-02-07.png,2436,2245,10.0,0.776,4.0,0.976
USLAX,2022-02-12,USLAX_2022-02-12.png,2436,2245,10.0,0.7764,6.67,1.298
USLAX,2022-03-09,USLAX_2022-03-09.png,2436,2245,10.0,0.7771,10.67,1.22
USLAX,2022-04-08,USLAX_2022-04-08.png,2436,2245,10.0,0.7752,10.33,1.209
USLAX,2022-09-25,USLAX_2022-09-25.png,2436,2245,10.0,0.7774,14.33,1.515
USLAX,2022-10-25,USLAX_2022-10-25.png,2436,2245,10.0,0.7779,5.67,0.793
USLAX,2022-10-30,USLAX_2022-10-30.png,2436,2245,10.0,0.7813,7.0,0.736
USLAX,2022-11-19,USLAX_2022-11-19.png,2436,2245,10.0,0.7774,9.0,0.865
USLAX,2022-12-09,USLAX_2022-12-09.png,2436,2245,10.0,0.7836,8.33,0.876
USLAX,2022-12-19,USLAX_2022-12-19.png,2436,2245,10.0,0.7805,11.0,0.906
USLAX,2023-01-23,USLAX_2023-01-23.png,2436,2245,10.0,0.7834,7.0,0.852
USLAX,2023-02-07,USLAX_2023-02-07.png,2436,2245,10.0,0.7811,6.67,0.772
USLAX,2023-03-09,USLAX_2023-03-09.png,2436,2245,10.0,0.773,8.33,0.721
USLAX,2023-09-25,USLAX_2023-09-25.png,2436,2245,10.0,0.7716,16.67,0.765
USLAX,2023-10-05,USLAX_2023-10-05.png,2436,2245,10.0,0.778,8.67,0.652
USLAX,2023-10-20,USLAX_2023-10-20.png,2436,2245,10.0,0.7814,10.0,1.002
USLAX,2023-11-09,USLAX_2023-11-09.png,2436,2245,10.0,0.7776,6.0,0.785
USLAX,2023-11-19,USLAX_2023-11-19.png,2436,2245,10.0,0.7774,5.67,1.01
USLAX,2023-12-14,USLAX_2023-12-14.png,2436,2245,10.0,0.7843,9.33,0.896
USLAX,2024-01-08,USLAX_2024-01-08.png,2436,2245,10.0,0.7762,6.33,0.84
USLAX,2024-02-12,USLAX_2024-02-12.png,2436,2245,10.0,0.7824,8.33,0.773
USLAX,2024-03-08,USLAX_2024-03-08.png,2436,2245,10.0,0.7743,8.0,0.837
USLAX,2024-04-02,USLAX_2024-04-02.png,2436,2245,10.0,0.7755,13.0,1.569
USLAX,2024-10-19,USLAX_2024-10-19.png,2436,2245,10.0,0.7836,11.67,0.729
USLAX,2024-11-03,USLAX_2024-11-03.png,2436,2245,10.0,0.7812,12.0,1.045
USLAX,2024-11-08,USLAX_2024-11-08.png,2436,2245,10.0,0.7784,7.67,0.727
USLAX,2024-11-13,USLAX_2024-11-13.png,2436,2245,10.0,0.7767,6.0,0.752
USLAX,2024-12-18,USLAX_2024-12-18.png,2436,2245,10.0,0.7831,7.33,0.862
USLAX,2025-01-12,USLAX_2025-01-12.png,2436,2245,10.0,0.7791,8.33,0.889
USLAX,2025-03-08,USLAX_2025-03-08.png,2436,2245,10.0,0.776,8.33,0.716
USLAX,2025-04-04,USLAX_2025-04-04.png,2436,2245,10.0,0.7752,11.0,1.191
USLAX,2025-10-29,USLAX_2025-10-29.png,2436,2245,10.0,0.7778,2.33,0.536
USLAX,2025-11-23,USLAX_2025-11-23.png,2436,2245,10.0,0.7744,11.0,1.022
USLAX,2025-11-28,USLAX_2025-11-28.png,2436,2245,10.0,0.7766,8.0,0.797
USLAX,2025-12-08,USLAX_2025-12-08.png,2436,2245,10.0,0.7166,9.33,1.066
USLAX,2025-12-28,USLAX_2025-12-28.png,2436,2245,10.0,0.7729,10.33,0.915
USLAX,2026-01-09,USLAX_2026-01-09.png,2436,2245,10.0,0.7766,6.67,0.874
USLAX,2026-02-01,USLAX_2026-02-01.png,2436,2245,10.0,0.7775,6.67,0.952
USLAX,2026-03-08,USLAX_2026-03-08.png,2436,2245,10.0,0.7768,3.67,0.715
USLAX,2026-03-18,USLAX_2026-03-18.png,2436,2245,10.0,0.7774,6.33,0.605
USLAX,2026-03-20,USLAX_2026-03-20.png,2436,2245,10.0,0.7779,8.67,0.647
USLAX,2026-04-07,USLAX_2026-04-07.png,2436,2245,10.0,0.7759,12.67,0.875
