idx,scene,stratum,cx,cy,area
0,USLAX_2018-09-16.png,blob,1468.9,349.0,8
1,USLAX_2018-09-16.png,blob,368.2,730.3,24
2,USLAX_2018-09-16.png,blob,575.3,591.9,9
3,USLAX_2018-09-16.png,blob,315.7,837.7,19
4,USLAX_2018-09-16.png,blob,941.3,529.1,76
5,USLAX_2018-09-16.png,blob,1771.9,2177.2,25
6,USLAX_2018-09-16.png,blob,880.4,574.9,88
7,USLAX_2018-09-16.png,blob,465.3,191.2,6
8,USLAX_2018-09-16.png,blob,738.4,1415.2,17
9,USLAX_2018-09-16.png,blob,1180.4,655.5,11
10,USLAX_2018-09-16.png,blob,824.3,479.1,13
11,USLAX_2018-09-16.png,blob,1292.5,512.6,117
12,USLAX_2018-09-16.png,blob,1768.5,470.5,37
13,USLAX_2018-09-16.png,blob,1317.7,234.7,10
14,USLAX_2018-09-16.png,blob,1313.7,1770.3,14
15,USLAX_2018-09-16.png,blob,393.7,1251.0,7
16,USLAX_2018-09-16.png,blob,1956.1,587.9,32
17,USLAX_2018-09-16.png,blob,1775.1,2204.5,138
18,USLAX_2018-09-16.png,blob,395.5,718.3,67
19,USLAX_2018-09-16.png,blob,2016.4,1886.1,38
20,USLAX_2018-09-16.png,blob,786.1,460.3,23
21,USLAX_2018-09-16.png,blob,449.0,401.5,8
22,USLAX_2018-09-16.png,blob,2045.8,629.4,11
23,USLAX_2018-09-16.png,blob,1289.2,300.2,32
24,USLAX_2018-09-16.png,blob,1495.6,502.9,114
25,USLAX_2018-09-16.png,blob,2093.8,552.9,8
26,USLAX_2018-09-16.png,blob,1686.9,475.6,69
27,USLAX_2018-09-16.png,blob,1782.5,357.3,17
28,USLAX_2018-09-16.png,blob,1177.4,271.3,9
29,USLAX_2018-09-16.png,blob,128.5,768.7,6
30,USLAX_2018-09-16.png,blob,1626.4,582.0,100
31,USLAX_2018-09-16.png,blob,1909.5,1082.0,6
32,USLAX_2018-09-16.png,blob,386.6,1377.0,116
33,USLAX_2018-09-16.png,blob,122.5,760.8,28
34,USLAX_2018-09-16.png,blob,2125.0,542.3,117
35,USLAX_2018-09-16.png,blob,2026.2,646.8,9
36,USLAX_2018-09-16.png,blob,1961.4,1140.3,147
37,USLAX_2018-09-16.png,blob,2110.3,597.8,1088
38,USLAX_2018-09-16.png,blob,569.1,620.0,7
39,USLAX_2018-09-16.png,blob,672.5,386.3,107
40,USLAX_2018-09-16.png,blob,1715.6,942.4,148
41,USLAX_2018-09-16.png,blob,425.1,266.3,7
42,USLAX_2018-09-16.png,water,1358.0,1039.0,0
43,USLAX_2018-09-16.png,water,1403.0,2216.0,0
44,USLAX_2018-09-16.png,water,1183.0,1353.0,0
45,USLAX_2018-09-16.png,water,1641.0,1614.0,0
46,USLAX_2018-09-16.png,water,225.0,1709.0,0
47,USLAX_2018-09-16.png,water,1220.0,971.0,0
48,USLAX_2018-09-16.png,water,1886.0,1853.0,0
49,USLAX_2018-09-16.png,water,2298.0,2203.0,0
50,USLAX_2018-09-16.png,water,758.0,1390.0,0
51,USLAX_2018-09-16.png,water,1196.0,285.0,0
52,USLAX_2018-09-16.png,water,412.0,1358.0,0
53,USLAX_2018-09-16.png,water,642.0,2006.0,0
54,USLAX_2018-09-16.png,edge,453.0,312.0,0
55,USLAX_2018-09-16.png,edge,711.0,708.0,0
56,USLAX_2018-09-16.png,edge,446.0,511.0,0
57,USLAX_2018-09-16.png,edge,946.0,311.0,0
58,USLAX_2018-09-16.png,edge,453.0,313.0,0
59,USLAX_2018-09-16.png,edge,2183.0,611.0,0
60,USLAX_2019-03-30.png,blob,2093.6,507.4,40
61,USLAX_2019-03-30.png,blob,1505.4,647.3,1541
62,USLAX_2019-03-30.png,blob,1285.5,464.4,112
63,USLAX_2019-03-30.png,blob,473.0,344.1,82
64,USLAX_2019-03-30.png,blob,668.8,521.4,17
65,USLAX_2019-03-30.png,blob,752.1,398.1,14
66,USLAX_2019-03-30.png,blob,1485.5,1093.0,6
67,USLAX_2019-03-30.png,blob,1294.6,253.8,9
68,USLAX_2019-03-30.png,blob,655.2,1144.3,6
69,USLAX_2019-03-30.png,blob,1494.1,325.1,10
70,USLAX_2019-03-30.png,blob,1902.2,453.8,687
71,USLAX_2019-03-30.png,blob,1503.4,513.6,115
72,USLAX_2019-03-30.png,blob,226.7,832.9,27
73,USLAX_2019-03-30.png,blob,1509.8,299.6,11
74,USLAX_2019-03-30.png,blob,1685.5,624.5,14
75,USLAX_2019-03-30.png,blob,2327.2,786.1,17
76,USLAX_2019-03-30.png,blob,663.0,814.6,146
77,USLAX_2019-03-30.png,blob,1269.9,308.0,22
78,USLAX_2019-03-30.png,blob,447.9,307.7,19
79,USLAX_2019-03-30.png,blob,2233.0,670.6,86
80,USLAX_2019-03-30.png,blob,1073.6,452.1,14
81,USLAX_2019-03-30.png,blob,1410.7,258.8,6
82,USLAX_2019-03-30.png,blob,1657.9,2061.3,53
83,USLAX_2019-03-30.png,blob,1869.6,753.1,36
84,USLAX_2019-03-30.png,blob,1603.6,420.6,35
85,USLAX_2019-03-30.png,blob,1419.4,513.5,131
86,USLAX_2019-03-30.png,blob,445.3,1294.7,9
87,USLAX_2019-03-30.png,blob,1727.6,1395.0,41
88,USLAX_2019-03-30.png,blob,1534.8,302.2,11
89,USLAX_2019-03-30.png,blob,338.4,824.1,30
90,USLAX_2019-03-30.png,blob,1399.5,253.5,11
91,USLAX_2019-03-30.png,blob,1421.2,585.1,16
92,USLAX_2019-03-30.png,blob,1976.4,683.0,51
93,USLAX_2019-03-30.png,blob,2072.1,590.9,40
94,USLAX_2019-03-30.png,blob,843.8,466.9,11
95,USLAX_2019-03-30.png,blob,2134.1,589.1,8
96,USLAX_2019-03-30.png,blob,1142.2,238.7,62
97,USLAX_2019-03-30.png,blob,1879.4,468.8,16
98,USLAX_2019-03-30.png,blob,2119.7,569.3,19
99,USLAX_2019-03-30.png,blob,1003.3,649.2,69
100,USLAX_2019-03-30.png,blob,1530.5,291.5,8
101,USLAX_2019-03-30.png,blob,1235.1,295.2,9
102,USLAX_2019-03-30.png,water,1655.0,2038.0,0
103,USLAX_2019-03-30.png,water,392.0,1881.0,0
104,USLAX_2019-03-30.png,water,1517.0,2101.0,0
105,USLAX_2019-03-30.png,water,1592.0,1825.0,0
106,USLAX_2019-03-30.png,water,540.0,2211.0,0
107,USLAX_2019-03-30.png,water,1147.0,1852.0,0
108,USLAX_2019-03-30.png,water,1703.0,1744.0,0
109,USLAX_2019-03-30.png,water,1658.0,2195.0,0
110,USLAX_2019-03-30.png,water,2203.0,1097.0,0
111,USLAX_2019-03-30.png,water,492.0,1723.0,0
112,USLAX_2019-03-30.png,water,2124.0,770.0,0
113,USLAX_2019-03-30.png,water,2357.0,1542.0,0
114,USLAX_2019-03-30.png,edge,454.0,732.0,0
115,USLAX_2019-03-30.png,edge,936.0,317.0,0
116,USLAX_2019-03-30.png,edge,1041.0,438.0,0
117,USLAX_2019-03-30.png,edge,211.0,794.0,0
118,USLAX_2019-03-30.png,edge,2127.0,576.0,0
119,USLAX_2019-03-30.png,edge,1732.0,330.0,0
120,USLAX_2019-09-21.png,blob,2249.6,540.3,277
121,USLAX_2019-09-21.png,blob,1699.2,1415.7,18
122,USLAX_2019-09-21.png,blob,1816.1,1299.9,8
123,USLAX_2019-09-21.png,blob,1317.5,506.4,30
124,USLAX_2019-09-21.png,blob,564.1,1987.4,8
125,USLAX_2019-09-21.png,blob,854.6,733.1,9
126,USLAX_2019-09-21.png,blob,1431.4,1580.9,159
127,USLAX_2019-09-21.png,blob,823.9,476.5,13
128,USLAX_2019-09-21.png,blob,1109.1,198.7,44
129,USLAX_2019-09-21.png,blob,983.6,686.9,1660
130,USLAX_2019-09-21.png,blob,1298.7,408.2,13
131,USLAX_2019-09-21.png,blob,2160.1,585.8,124
132,USLAX_2019-09-21.png,blob,1347.9,661.1,32
133,USLAX_2019-09-21.png,blob,1494.5,324.5,13
134,USLAX_2019-09-21.png,blob,1304.8,374.0,32
135,USLAX_2019-09-21.png,blob,961.6,1006.9,44
136,USLAX_2019-09-21.png,blob,1283.5,2142.6,56
137,USLAX_2019-09-21.png,blob,948.6,622.6,80
138,USLAX_2019-09-21.png,blob,1806.0,1887.5,6
139,USLAX_2019-09-21.png,blob,507.2,550.4,11
140,USLAX_2019-09-21.png,blob,646.3,789.6,44
141,USLAX_2019-09-21.png,blob,1258.0,546.5,6
142,USLAX_2019-09-21.png,blob,495.2,821.6,1017
143,USLAX_2019-09-21.png,blob,1078.9,344.1,121
144,USLAX_2019-09-21.png,blob,1228.3,910.9,124
145,USLAX_2019-09-21.png,blob,1299.1,543.1,7
146,USLAX_2019-09-21.png,blob,69.3,1413.2,39
147,USLAX_2019-09-21.png,blob,1421.6,528.0,169
148,USLAX_2019-09-21.png,blob,1562.7,389.0,61
149,USLAX_2019-09-21.png,blob,1297.4,270.2,47
150,USLAX_2019-09-21.png,blob,1289.5,466.9,140
151,USLAX_2019-09-21.png,blob,1928.7,698.6,46
152,USLAX_2019-09-21.png,blob,959.1,671.2,74
153,USLAX_2019-09-21.png,blob,909.4,382.5,54
154,USLAX_2019-09-21.png,blob,596.9,545.6,7
155,USLAX_2019-09-21.png,blob,2093.6,507.5,44
156,USLAX_2019-09-21.png,blob,585.7,215.7,11
157,USLAX_2019-09-21.png,blob,2277.0,509.6,33
158,USLAX_2019-09-21.png,blob,2047.3,563.9,215
159,USLAX_2019-09-21.png,blob,1470.3,458.9,16
160,USLAX_2019-09-21.png,blob,868.5,287.0,6
161,USLAX_2019-09-21.png,blob,2285.1,446.9,7
162,USLAX_2019-09-21.png,water,2319.0,1246.0,0
163,USLAX_2019-09-21.png,water,321.0,1937.0,0
164,USLAX_2019-09-21.png,water,1217.0,825.0,0
165,USLAX_2019-09-21.png,water,859.0,1309.0,0
166,USLAX_2019-09-21.png,water,335.0,853.0,0
167,USLAX_2019-09-21.png,water,511.0,1329.0,0
168,USLAX_2019-09-21.png,water,2079.0,1926.0,0
169,USLAX_2019-09-21.png,water,1402.0,945.0,0
170,USLAX_2019-09-21.png,water,520.0,1415.0,0
171,USLAX_2019-09-21.png,water,1356.0,673.0,0
172,USLAX_2019-09-21.png,water,1193.0,1431.0,0
173,USLAX_2019-09-21.png,water,1975.0,1668.0,0
174,USLAX_2019-09-21.png,edge,2171.0,529.0,0
175,USLAX_2019-09-21.png,edge,706.0,620.0,0
176,USLAX_2019-09-21.png,edge,2084.0,503.0,0
177,USLAX_2019-09-21.png,edge,1190.0,434.0,0
178,USLAX_2019-09-21.png,edge,949.0,214.0,0
179,USLAX_2019-09-21.png,edge,517.0,539.0,0
180,USLAX_2020-09-30.png,blob,1254.8,345.6,19
181,USLAX_2020-09-30.png,blob,746.6,383.2,187
182,USLAX_2020-09-30.png,blob,1543.1,453.3,38
183,USLAX_2020-09-30.png,blob,2121.2,539.7,54
184,USLAX_2020-09-30.png,blob,1515.2,647.2,1383
185,USLAX_2020-09-30.png,blob,785.2,459.7,21
186,USLAX_2020-09-30.png,blob,1982.4,505.7,51
187,USLAX_2020-09-30.png,blob,1964.4,1146.0,171
188,USLAX_2020-09-30.png,blob,1143.0,1423.2,54
189,USLAX_2020-09-30.png,blob,1249.2,317.2,85
190,USLAX_2020-09-30.png,blob,1000.6,278.0,7
191,USLAX_2020-09-30.png,blob,1113.0,782.2,6
192,USLAX_2020-09-30.png,blob,2315.9,901.1,8
193,USLAX_2020-09-30.png,blob,517.6,826.0,763
194,USLAX_2020-09-30.png,blob,828.5,409.7,117
195,USLAX_2020-09-30.png,blob,1312.2,438.9,33
196,USLAX_2020-09-30.png,blob,392.7,717.9,57
197,USLAX_2020-09-30.png,blob,698.6,1044.3,9
198,USLAX_2020-09-30.png,blob,40.6,734.9,69
199,USLAX_2020-09-30.png,blob,2180.5,617.5,6
200,USLAX_2020-09-30.png,blob,519.0,559.5,35
201,USLAX_2020-09-30.png,blob,2131.1,569.5,30
202,USLAX_2020-09-30.png,blob,1928.5,698.2,42
203,USLAX_2020-09-30.png,blob,398.6,809.5,135
204,USLAX_2020-09-30.png,blob,1528.5,403.4,31
205,USLAX_2020-09-30.png,blob,1494.6,324.9,16
206,USLAX_2020-09-30.png,blob,1700.0,478.4,10
207,USLAX_2020-09-30.png,blob,508.6,550.1,10
208,USLAX_2020-09-30.png,blob,1074.0,451.9,13
209,USLAX_2020-09-30.png,blob,930.5,843.0,22
210,USLAX_2020-09-30.png,blob,1109.4,199.0,54
211,USLAX_2020-09-30.png,blob,1824.8,1147.5,172
212,USLAX_2020-09-30.png,blob,468.8,737.0,16
213,USLAX_2020-09-30.png,blob,463.6,534.2,12
214,USLAX_2020-09-30.png,blob,1611.3,286.1,78
215,USLAX_2020-09-30.png,blob,1657.7,2061.2,57
216,USLAX_2020-09-30.png,blob,1485.7,463.1,10
217,USLAX_2020-09-30.png,blob,1684.2,625.1,19
218,USLAX_2020-09-30.png,blob,1575.7,363.6,16
219,USLAX_2020-09-30.png,blob,1222.5,305.6,35
220,USLAX_2020-09-30.png,blob,123.3,763.2,150
221,USLAX_2020-09-30.png,blob,2168.7,552.3,37
222,USLAX_2020-09-30.png,water,1950.0,1467.0,0
223,USLAX_2020-09-30.png,water,1592.0,1338.0,0
224,USLAX_2020-09-30.png,water,834.0,698.0,0
225,USLAX_2020-09-30.png,water,1614.0,1581.0,0
226,USLAX_2020-09-30.png,water,1809.0,1689.0,0
227,USLAX_2020-09-30.png,water,1605.0,2189.0,0
228,USLAX_2020-09-30.png,water,327.0,1031.0,0
229,USLAX_2020-09-30.png,water,2090.0,1363.0,0
230,USLAX_2020-09-30.png,water,632.0,845.0,0
231,USLAX_2020-09-30.png,water,1389.0,426.0,0
232,USLAX_2020-09-30.png,water,1278.0,1435.0,0
233,USLAX_2020-09-30.png,water,1747.0,2109.0,0
234,USLAX_2020-09-30.png,edge,209.0,783.0,0
235,USLAX_2020-09-30.png,edge,1148.0,378.0,0
236,USLAX_2020-09-30.png,edge,1234.0,372.0,0
237,USLAX_2020-09-30.png,edge,748.0,514.0,0
238,USLAX_2020-09-30.png,edge,468.0,541.0,0
239,USLAX_2020-09-30.png,edge,1720.0,324.0,0
240,USLAX_2020-12-19.png,blob,516.6,826.5,782
241,USLAX_2020-12-19.png,blob,948.9,228.1,267
242,USLAX_2020-12-19.png,blob,1615.2,847.8,6
243,USLAX_2020-12-19.png,blob,5.5,787.6,30
244,USLAX_2020-12-19.png,blob,982.7,687.1,1499
245,USLAX_2020-12-19.png,blob,1873.2,466.6,244
246,USLAX_2020-12-19.png,blob,1166.9,276.3,18
247,USLAX_2020-12-19.png,blob,1321.2,249.1,29
248,USLAX_2020-12-19.png,blob,509.4,547.6,45
249,USLAX_2020-12-19.png,blob,1000.8,278.5,8
250,USLAX_2020-12-19.png,blob,1805.1,2216.2,8
251,USLAX_2020-12-19.png,blob,5.8,806.3,29
252,USLAX_2020-12-19.png,blob,1433.1,449.1,9
253,USLAX_2020-12-19.png,blob,1924.3,404.4,72
254,USLAX_2020-12-19.png,blob,1158.8,432.9,146
255,USLAX_2020-12-19.png,blob,1117.4,982.2,198
256,USLAX_2020-12-19.png,blob,1857.5,1559.8,220
257,USLAX_2020-12-19.png,blob,1774.1,2204.9,112
258,USLAX_2020-12-19.png,blob,2404.7,1338.2,30
259,USLAX_2020-12-19.png,blob,1662.0,532.7,100
260,USLAX_2020-12-19.png,blob,606.8,922.9,12
261,USLAX_2020-12-19.png,blob,1073.3,452.0,18
262,USLAX_2020-12-19.png,blob,2014.2,684.8,13
263,USLAX_2020-12-19.png,blob,1583.6,536.8,185
264,USLAX_2020-12-19.png,blob,1299.7,537.0,83
265,USLAX_2020-12-19.png,blob,522.1,513.9,163
266,USLAX_2020-12-19.png,blob,1313.1,1566.4,16
267,USLAX_2020-12-19.png,blob,1928.5,698.7,39
268,USLAX_2020-12-19.png,blob,2110.2,555.9,19
269,USLAX_2020-12-19.png,blob,1898.5,457.3,271
270,USLAX_2020-12-19.png,blob,175.1,775.9,240
271,USLAX_2020-12-19.png,blob,2026.5,616.5,63
272,USLAX_2020-12-19.png,blob,905.7,496.9,83
273,USLAX_2020-12-19.png,blob,434.7,753.2,18
274,USLAX_2020-12-19.png,blob,396.2,807.2,176
275,USLAX_2020-12-19.png,blob,1295.4,253.0,12
276,USLAX_2020-12-19.png,blob,1233.4,549.0,21
277,USLAX_2020-12-19.png,blob,1683.9,626.3,16
278,USLAX_2020-12-19.png,blob,476.2,1301.6,17
279,USLAX_2020-12-19.png,blob,1982.7,505.0,72
280,USLAX_2020-12-19.png,blob,1587.3,1348.8,166
281,USLAX_2020-12-19.png,blob,463.6,740.4,17
282,USLAX_2020-12-19.png,water,921.0,1116.0,0
283,USLAX_2020-12-19.png,water,1532.0,1844.0,0
284,USLAX_2020-12-19.png,water,111.0,2129.0,0
285,USLAX_2020-12-19.png,water,171.0,1136.0,0
286,USLAX_2020-12-19.png,water,2032.0,523.0,0
287,USLAX_2020-12-19.png,water,1864.0,443.0,0
288,USLAX_2020-12-19.png,water,1051.0,1683.0,0
289,USLAX_2020-12-19.png,water,792.0,797.0,0
290,USLAX_2020-12-19.png,water,632.0,1877.0,0
291,USLAX_2020-12-19.png,water,1509.0,1605.0,0
292,USLAX_2020-12-19.png,water,1292.0,1705.0,0
293,USLAX_2020-12-19.png,edge,2053.0,529.0,0
294,USLAX_2020-12-19.png,edge,527.0,628.0,0
295,USLAX_2020-12-19.png,edge,1412.0,207.0,0
296,USLAX_2020-12-19.png,edge,990.0,256.0,0
297,USLAX_2020-12-19.png,edge,246.0,831.0,0
298,USLAX_2020-12-19.png,edge,456.0,347.0,0
299,USLAX_2021-09-30.png,blob,1963.4,1279.9,222
300,USLAX_2021-09-30.png,blob,2412.6,1105.2,55
301,USLAX_2021-09-30.png,blob,514.2,540.2,28
302,USLAX_2021-09-30.png,blob,1074.1,451.9,14
303,USLAX_2021-09-30.png,blob,2045.2,572.8,261
304,USLAX_2021-09-30.png,blob,2193.7,820.9,50
305,USLAX_2021-09-30.png,blob,828.5,410.0,120
306,USLAX_2021-09-30.png,blob,1871.6,483.0,13
307,USLAX_2021-09-30.png,blob,1867.3,449.1,23
308,USLAX_2021-09-30.png,blob,123.1,764.7,23
309,USLAX_2021-09-30.png,blob,1253.6,542.8,38
310,USLAX_2021-09-30.png,blob,1873.7,463.1,225
311,USLAX_2021-09-30.png,blob,960.5,600.0,6
312,USLAX_2021-09-30.png,blob,1886.8,462.5,10
313,USLAX_2021-09-30.png,blob,966.0,601.5,6
314,USLAX_2021-09-30.png,blob,824.2,470.8,13
315,USLAX_2021-09-30.png,blob,1141.8,967.2,252
316,USLAX_2021-09-30.png,blob,1418.1,514.2,144
317,USLAX_2021-09-30.png,blob,1708.5,1330.9,200
318,USLAX_2021-09-30.png,blob,443.2,425.5,17
319,USLAX_2021-09-30.png,blob,1510.8,647.1,1324
320,USLAX_2021-09-30.png,blob,1000.5,268.0,6
321,USLAX_2021-09-30.png,blob,1539.5,587.0,117
322,USLAX_2021-09-30.png,blob,2059.4,576.4,17
323,USLAX_2021-09-30.png,blob,1142.3,238.5,66
324,USLAX_2021-09-30.png,blob,1545.3,280.3,6
325,USLAX_2021-09-30.png,blob,585.5,216.3,6
326,USLAX_2021-09-30.png,blob,1221.5,305.0,24
327,USLAX_2021-09-30.png,blob,1398.3,393.6,23
328,USLAX_2021-09-30.png,blob,1530.1,836.1,103
329,USLAX_2021-09-30.png,blob,1519.2,275.9,9
330,USLAX_2021-09-30.png,blob,1496.8,1267.5,116
331,USLAX_2021-09-30.png,blob,1691.8,557.2,58
332,USLAX_2021-09-30.png,blob,1567.7,1136.8,244
333,USLAX_2021-09-30.png,blob,1495.2,325.3,19
334,USLAX_2021-09-30.png,blob,2094.7,602.7,546
335,USLAX_2021-09-30.png,blob,1418.9,446.6,36
336,USLAX_2021-09-30.png,blob,1181.0,778.1,151
337,USLAX_2021-09-30.png,blob,1019.4,599.1,356
338,USLAX_2021-09-30.png,blob,1524.6,552.8,12
339,USLAX_2021-09-30.png,blob,1650.5,1336.8,42
340,USLAX_2021-09-30.png,blob,1630.4,833.5,69
341,USLAX_2021-09-30.png,water,1801.0,1522.0,0
342,USLAX_2021-09-30.png,water,1194.0,1787.0,0
343,USLAX_2021-09-30.png,water,2306.0,2181.0,0
344,USLAX_2021-09-30.png,water,1580.0,1880.0,0
345,USLAX_2021-09-30.png,water,74.0,1376.0,0
346,USLAX_2021-09-30.png,water,1261.0,1717.0,0
347,USLAX_2021-09-30.png,water,1385.0,1537.0,0
348,USLAX_2021-09-30.png,water,1008.0,2100.0,0
349,USLAX_2021-09-30.png,water,600.0,854.0,0
350,USLAX_2021-09-30.png,water,859.0,1221.0,0
351,USLAX_2021-09-30.png,water,302.0,1706.0,0
352,USLAX_2021-09-30.png,water,1542.0,1197.0,0
353,USLAX_2021-09-30.png,edge,335.0,819.0,0
354,USLAX_2021-09-30.png,edge,405.0,278.0,0
355,USLAX_2021-09-30.png,edge,419.0,483.0,0
356,USLAX_2021-09-30.png,edge,362.0,709.0,0
357,USLAX_2021-09-30.png,edge,972.0,289.0,0
358,USLAX_2021-09-30.png,edge,1289.0,254.0,0
359,USLAX_2021-12-19.png,blob,1075.0,397.5,8
360,USLAX_2021-12-19.png,blob,1312.9,227.7,19
361,USLAX_2021-12-19.png,blob,1782.0,657.2,6
362,USLAX_2021-12-19.png,blob,1188.1,585.1,11
363,USLAX_2021-12-19.png,blob,1505.0,2143.3,7
364,USLAX_2021-12-19.png,blob,1648.4,736.3,97
365,USLAX_2021-12-19.png,blob,512.8,540.8,47
366,USLAX_2021-12-19.png,blob,393.2,717.7,53
367,USLAX_2021-12-19.png,blob,1060.4,878.3,125
368,USLAX_2021-12-19.png,blob,1777.3,861.8,85
369,USLAX_2021-12-19.png,blob,1266.0,2198.7,62
370,USLAX_2021-12-19.png,blob,913.6,1018.6,7
371,USLAX_2021-12-19.png,blob,1665.9,930.2,147
372,USLAX_2021-12-19.png,blob,572.7,1096.2,59
373,USLAX_2021-12-19.png,blob,1078.5,380.4,115
374,USLAX_2021-12-19.png,blob,1783.0,472.4,18
375,USLAX_2021-12-19.png,blob,1327.4,2207.4,188
376,USLAX_2021-12-19.png,blob,2057.2,562.6,23
377,USLAX_2021-12-19.png,blob,1430.2,1678.8,153
378,USLAX_2021-12-19.png,blob,1157.7,612.2,33
379,USLAX_2021-12-19.png,blob,1774.4,2204.3,115
380,USLAX_2021-12-19.png,blob,1281.5,1053.8,69
381,USLAX_2021-12-19.png,blob,1542.8,451.8,46
382,USLAX_2021-12-19.png,blob,1002.5,219.0,10
383,USLAX_2021-12-19.png,blob,1143.5,426.0,1346
384,USLAX_2021-12-19.png,blob,1018.3,564.3,31
385,USLAX_2021-12-19.png,blob,373.0,1005.5,6
386,USLAX_2021-12-19.png,blob,1683.6,461.6,8
387,USLAX_2021-12-19.png,blob,1221.9,2160.6,42
388,USLAX_2021-12-19.png,blob,567.9,1683.1,23
389,USLAX_2021-12-19.png,blob,1251.7,2127.8,23
390,USLAX_2021-12-19.png,blob,1163.9,781.8,86
391,USLAX_2021-12-19.png,blob,906.0,393.2,120
392,USLAX_2021-12-19.png,blob,2130.9,560.9,110
393,USLAX_2021-12-19.png,blob,1221.7,2238.0,89
394,USLAX_2021-12-19.png,blob,1553.0,745.9,45
395,USLAX_2021-12-19.png,blob,335.5,922.8,13
396,USLAX_2021-12-19.png,blob,1953.7,700.0,9
397,USLAX_2021-12-19.png,blob,848.9,465.8,62
398,USLAX_2021-12-19.png,blob,1285.6,1365.7,112
399,USLAX_2021-12-19.png,blob,913.9,1723.2,72
400,USLAX_2021-12-19.png,blob,2404.4,1337.3,27
401,USLAX_2021-12-19.png,water,1432.0,913.0,0
402,USLAX_2021-12-19.png,water,727.0,1227.0,0
403,USLAX_2021-12-19.png,water,879.0,308.0,0
404,USLAX_2021-12-19.png,water,1346.0,964.0,0
405,USLAX_2021-12-19.png,water,1003.0,1174.0,0
406,USLAX_2021-12-19.png,water,1549.0,1169.0,0
407,USLAX_2021-12-19.png,water,1948.0,796.0,0
408,USLAX_2021-12-19.png,water,1268.0,443.0,0
409,USLAX_2021-12-19.png,water,1178.0,1771.0,0
410,USLAX_2021-12-19.png,water,888.0,825.0,0
411,USLAX_2021-12-19.png,water,1959.0,950.0,0
412,USLAX_2021-12-19.png,water,1190.0,561.0,0
413,USLAX_2021-12-19.png,edge,733.0,523.0,0
414,USLAX_2021-12-19.png,edge,780.0,313.0,0
415,USLAX_2021-12-19.png,edge,465.0,670.0,0
416,USLAX_2021-12-19.png,edge,1161.0,443.0,0
417,USLAX_2021-12-19.png,edge,1918.0,402.0,0
418,USLAX_2021-12-19.png,edge,341.0,728.0,0
419,USLAX_2022-04-23.png,blob,1963.4,1949.4,14
420,USLAX_2022-04-23.png,blob,2435.0,1896.0,7
421,USLAX_2022-04-23.png,blob,2152.6,1524.3,43
422,USLAX_2022-04-23.png,blob,1548.3,1248.2,6
423,USLAX_2022-04-23.png,blob,1963.9,2216.4,194
424,USLAX_2022-04-23.png,blob,1398.9,1567.5,14
425,USLAX_2022-04-23.png,blob,494.5,1753.0,6
426,USLAX_2022-04-23.png,blob,2108.8,1416.6,17
427,USLAX_2022-04-23.png,blob,2116.4,1301.3,366
428,USLAX_2022-04-23.png,blob,1659.1,2104.3,7
429,USLAX_2022-04-23.png,blob,2007.3,1398.4,10
430,USLAX_2022-04-23.png,blob,2076.8,1863.0,8
431,USLAX_2022-04-23.png,blob,2052.1,606.5,11
432,USLAX_2022-04-23.png,blob,2150.0,1869.1,34
433,USLAX_2022-04-23.png,blob,1880.8,974.2,63
434,USLAX_2022-04-23.png,blob,2094.4,1600.6,8
435,USLAX_2022-04-23.png,blob,1956.3,922.2,6
436,USLAX_2022-04-23.png,blob,2356.2,2222.7,25
437,USLAX_2022-04-23.png,blob,2204.5,2112.4,16
438,USLAX_2022-04-23.png,blob,1962.0,1176.5,6
439,USLAX_2022-04-23.png,blob,2241.0,1388.3,281
440,USLAX_2022-04-23.png,blob,1972.0,1682.0,7
441,USLAX_2022-04-23.png,blob,1917.9,1731.9,7
442,USLAX_2022-04-23.png,blob,1934.5,1941.0,62
443,USLAX_2022-04-23.png,blob,1572.8,887.5,20
444,USLAX_2022-04-23.png,blob,2419.2,964.9,20
445,USLAX_2022-04-23.png,blob,2365.0,1454.6,10
446,USLAX_2022-04-23.png,blob,1425.1,1729.1,27
447,USLAX_2022-04-23.png,blob,2139.1,1169.3,23
448,USLAX_2022-04-23.png,blob,2306.6,1667.8,9
449,USLAX_2022-04-23.png,blob,2120.6,2203.9,10
450,USLAX_2022-04-23.png,blob,1884.4,1686.7,7
451,USLAX_2022-04-23.png,blob,1769.6,647.9,15
452,USLAX_2022-04-23.png,blob,2006.1,1233.2,479
453,USLAX_2022-04-23.png,blob,2214.8,1232.0,582
454,USLAX_2022-04-23.png,blob,2188.4,2022.2,13
455,USLAX_2022-04-23.png,blob,1869.4,421.0,11
456,USLAX_2022-04-23.png,blob,1832.1,649.1,80
457,USLAX_2022-04-23.png,blob,1793.8,1833.8,8
458,USLAX_2022-04-23.png,blob,1952.1,2168.1,7
459,USLAX_2022-04-23.png,blob,2131.5,1565.9,23
460,USLAX_2022-04-23.png,blob,2433.9,1236.8,12
461,USLAX_2022-04-23.png,water,1972.0,970.0,0
462,USLAX_2022-04-23.png,water,1072.0,1810.0,0
463,USLAX_2022-04-23.png,water,1865.0,1893.0,0
464,USLAX_2022-04-23.png,water,1796.0,1321.0,0
465,USLAX_2022-04-23.png,water,26.0,1619.0,0
466,USLAX_2022-04-23.png,water,18.0,1862.0,0
467,USLAX_2022-04-23.png,water,600.0,2065.0,0
468,USLAX_2022-04-23.png,water,928.0,466.0,0
469,USLAX_2022-04-23.png,water,179.0,1802.0,0
470,USLAX_2022-04-23.png,water,1248.0,1175.0,0
471,USLAX_2022-04-23.png,water,286.0,874.0,0
472,USLAX_2022-04-23.png,edge,1981.0,506.0,0
473,USLAX_2022-04-23.png,edge,424.0,159.0,0
474,USLAX_2022-04-23.png,edge,645.0,207.0,0
475,USLAX_2022-04-23.png,edge,383.0,784.0,0
476,USLAX_2022-04-23.png,edge,413.0,812.0,0
477,USLAX_2022-04-23.png,edge,1000.0,291.0,0
