factor,enet_beta,selection_rate,sign_consistency,boot_ci_low,boot_ci_high,spearman_rho,spearman_p,spearman_p_adj,bh_survives
wind_speed_10m_max_day,-0.006417050034401492,0.9525,0.9525,-0.013016275021752378,0.0,-0.06038295632579582,0.6043498832535296,0.7554373540669119,False
wind_speed_10m_max_win_mean,0.010851265503756459,0.945,0.945,0.0,0.02391418098280334,0.16122769864835276,0.16411101209294784,0.7019652751921247,False
wind_gusts_10m_max_win_max,-0.006729670043793491,0.825,0.8225,-0.014884097142562891,0.0,-0.06652445673494245,0.5680211666821235,0.7554373540669119,False
month_sin,-0.003979041288485433,0.8125,0.8025,-0.01243750186115735,0.0,-0.14525233781075494,0.21058958255763743,0.7019652751921247,False
time_trend,-0.0033976020340195606,0.765,0.7025,-0.0109568044014176,0.0020198628099489767,-0.20973265654116474,0.06900513117648505,0.6900513117648505,False
month_cos,-2.573117583852449e-05,0.6025,0.5175,-0.009115899086686726,0.002210975454968768,-0.0763459066098884,0.5121489379721155,0.7554373540669119,False
windy_days_win,-0.0012632824804499915,0.5775,0.515,-0.013047131564368543,0.0021526093128061835,-0.08808375377629665,0.44926421177054815,0.7554373540669119,False
precipitation_sum_win_mean,0.0010234637945260934,0.56,0.5325,-0.00010318703552138146,0.0061883616199728654,-0.0012211985071374912,0.9916465236462392,0.9916465236462392,False
wet_days_win,0.0,0.495,0.305,-0.005486709305425836,0.005088188579761252,-0.0645903782690956,0.5793509243955225,0.7554373540669119,False
days_to_lny,-0.0,0.4875,0.4275,-0.011343939531843997,0.0022539081300913615,0.027961091447393224,0.8105115701761688,0.9005684113068543,False
