date,density,wind_speed_10m_max_win_mean,wind_gusts_10m_max_win_max,precipitation_sum_win_mean,windy_days_win,wet_days_win,wind_speed_10m_max_day,days_to_lny,month_sin,month_cos,time_trend
2018-09-16,0.1742,5.044285714285714,11.2,0.014285714285714287,0.0,0.0,5.31,90.0,-0.8660254037844385,-0.5000000000000004,0.0
2018-10-16,0.1082,4.82,10.4,3.042857142857143,0.0,1.0,3.89,90.0,-1.0,-1.8369701987210297e-16,0.08213552361396304
2018-10-31,0.0824,4.281428571428571,9.8,0.042857142857142864,0.0,0.0,5.8,90.0,-1.0,-1.8369701987210297e-16,0.12320328542094455
2018-12-15,0.1176,3.4828571428571427,8.5,0.0,0.0,0.0,3.52,52.0,-0.5000000000000004,0.8660254037844384,0.2464065708418891
2018-12-30,0.21,6.142857142857143,15.3,0.014285714285714287,4.0,0.0,3.92,37.0,-0.5000000000000004,0.8660254037844384,0.2874743326488706
2019-01-04,0.134,4.0,10.0,0.014285714285714287,0.0,0.0,3.34,32.0,0.0,1.0,0.30116358658453113
2019-01-19,0.1439,5.738571428571428,16.2,12.514285714285714,3.0,4.0,3.79,17.0,0.0,1.0,0.34223134839151265
2019-02-08,0.1542,6.292857142857143,20.1,5.714285714285714,2.0,4.0,3.94,3.0,0.49999999999999994,0.8660254037844387,0.39698836413415467
2019-03-30,0.1296,5.171428571428571,10.4,0.0,0.0,0.0,5.0,53.0,0.8660254037844386,0.5000000000000001,0.5338809034907598
2019-09-06,0.1435,5.051428571428572,10.4,0.0,0.0,0.0,5.49,90.0,-0.8660254037844385,-0.5000000000000004,0.971937029431896
2019-09-21,0.1219,4.921428571428572,10.6,0.0,0.0,0.0,5.0,90.0,-0.8660254037844385,-0.5000000000000004,1.0130047912388775
2019-10-06,0.2445,5.078571428571428,10.5,0.014285714285714287,0.0,0.0,5.1,90.0,-1.0,-1.8369701987210297e-16,1.054072553045859
2019-10-26,0.1665,5.162857142857143,9.9,0.0,0.0,0.0,5.2,90.0,-1.0,-1.8369701987210297e-16,1.108829568788501
2019-11-05,0.0914,5.569999999999999,14.4,0.0,2.0,0.0,4.5,81.0,-0.8660254037844386,0.5000000000000001,1.136208076659822
2020-01-29,0.113,3.9985714285714287,11.5,0.0,0.0,0.0,7.25,4.0,0.0,1.0,1.3689253935660506
2020-09-30,0.0941,4.664285714285714,10.5,0.0,0.0,0.0,5.7,90.0,-0.8660254037844385,-0.5000000000000004,2.0396988364134154
2020-11-04,0.1027,3.851428571428571,8.6,0.0,0.0,0.0,4.85,90.0,-0.8660254037844386,0.5000000000000001,2.135523613963039
2020-11-09,0.1083,7.2,19.1,0.7000000000000001,3.0,1.0,11.02,90.0,-0.8660254037844386,0.5000000000000001,2.1492128678986995
2020-11-29,0.1506,4.5200000000000005,14.1,0.0,1.0,0.0,3.4,75.0,-0.8660254037844386,0.5000000000000001,2.2039698836413417
2020-12-19,0.1222,5.992857142857143,18.7,0.0,4.0,0.0,2.86,55.0,-0.5000000000000004,0.8660254037844384,2.2587268993839835
2020-12-29,0.1185,5.4871428571428575,13.5,2.8000000000000003,3.0,3.0,6.13,45.0,-0.5000000000000004,0.8660254037844384,2.2861054072553046
2021-02-17,0.1697,7.908571428571428,17.6,0.15714285714285717,4.0,1.0,9.3,5.0,0.49999999999999994,0.8660254037844387,2.42299794661191
2021-02-22,0.146,7.25,19.3,0.0,4.0,0.0,5.16,10.0,0.49999999999999994,0.8660254037844387,2.43668720054757
2021-02-27,0.1508,5.567142857142857,12.8,0.0,1.0,0.0,6.8,15.0,0.49999999999999994,0.8660254037844387,2.4503764544832305
2021-03-04,0.1576,5.835714285714286,14.2,0.9,1.0,1.0,4.0,20.0,0.8660254037844386,0.5000000000000001,2.4640657084188913
2021-03-24,0.1131,7.191428571428572,16.0,0.0,4.0,0.0,9.23,40.0,0.8660254037844386,0.5000000000000001,2.518822724161533
2021-09-30,0.1649,4.927142857142857,10.3,0.042857142857142864,0.0,0.0,5.82,90.0,-0.8660254037844385,-0.5000000000000004,3.0390143737166326
2021-10-05,0.2024,5.525714285714286,10.4,0.08571428571428572,0.0,0.0,5.91,90.0,-1.0,-1.8369701987210297e-16,3.052703627652293
2021-10-10,0.2632,5.007142857142857,9.9,0.38571428571428573,0.0,1.0,5.21,90.0,-1.0,-1.8369701987210297e-16,3.0663928815879533
2021-10-15,0.1696,6.317142857142857,16.1,0.0,2.0,0.0,5.11,90.0,-1.0,-1.8369701987210297e-16,3.080082135523614
2021-11-14,0.1977,4.211428571428572,8.6,0.0,0.0,0.0,3.8,79.0,-0.8660254037844386,0.5000000000000001,3.162217659137577
2021-12-19,0.1362,5.204285714285715,17.8,3.8999999999999995,2.0,1.0,3.45,44.0,-0.5000000000000004,0.8660254037844384,3.2580424366872007
2022-01-03,0.1495,5.704285714285715,13.1,8.114285714285716,1.0,4.0,4.0,29.0,0.0,1.0,3.299110198494182
2022-01-23,0.134,3.8414285714285716,7.6,0.4714285714285715,0.0,1.0,4.14,9.0,0.0,1.0,3.353867214236824
2022-02-07,0.1367,4.21,8.3,0.04285714285714286,0.0,0.0,4.6,6.0,0.49999999999999994,0.8660254037844387,3.3949349760438055
2022-02-12,0.2026,4.5,8.0,0.0,0.0,0.0,3.82,11.0,0.49999999999999994,0.8660254037844387,3.4086242299794662
2022-03-09,0.0776,6.914285714285714,16.0,0.4,2.0,1.0,5.53,36.0,0.8660254037844386,0.5000000000000001,3.477070499657769
2022-04-08,0.1392,4.961428571428571,11.1,0.1142857142857143,0.0,0.0,6.3,66.0,1.0,6.123233995736766e-17,3.5592060232717317
2022-09-25,0.1576,6.375714285714286,12.6,0.08571428571428572,2.0,0.0,6.31,90.0,-0.8660254037844385,-0.5000000000000004,4.024640657084189
2022-10-25,0.1481,4.928571428571429,10.2,0.028571428571428574,0.0,0.0,4.7,89.0,-1.0,-1.8369701987210297e-16,4.1067761806981515
2022-10-30,0.1404,4.47,9.8,0.0,0.0,0.0,4.36,84.0,-1.0,-1.8369701987210297e-16,4.120465434633813
2022-11-19,0.1153,4.5042857142857144,9.2,0.0,0.0,0.0,2.64,64.0,-0.8660254037844386,0.5000000000000001,4.175222450376454
2022-12-09,0.1167,3.9214285714285713,7.5,0.6,0.0,3.0,4.53,44.0,-0.5000000000000004,0.8660254037844384,4.229979466119096
2022-12-19,0.1289,2.932857142857143,5.8,0.0,0.0,0.0,2.22,34.0,-0.5000000000000004,0.8660254037844384,4.257357973990418
2023-01-23,0.1027,4.064285714285714,14.3,0.17142857142857146,1.0,1.0,3.49,1.0,0.0,1.0,4.353182751540041
2023-02-07,0.1358,4.987142857142857,14.0,0.014285714285714287,2.0,0.0,4.53,16.0,0.49999999999999994,0.8660254037844387,4.394250513347022
2023-03-09,0.097,4.434285714285714,8.9,0.18571428571428572,0.0,0.0,4.12,46.0,0.8660254037844386,0.5000000000000001,4.476386036960986
2023-09-25,0.1185,4.8342857142857145,10.1,0.2,0.0,1.0,4.95,90.0,-0.8660254037844385,-0.5000000000000004,5.023956194387406
2023-10-05,0.134,5.3100000000000005,12.5,0.37142857142857144,1.0,1.0,5.91,90.0,-1.0,-1.8369701987210297e-16,5.0513347022587265
2023-10-20,0.1615,4.654285714285714,10.3,0.0,0.0,0.0,5.82,90.0,-1.0,-1.8369701987210297e-16,5.092402464065708
2023-11-09,0.1035,4.662857142857143,10.3,0.014285714285714287,0.0,0.0,4.8,90.0,-0.8660254037844386,0.5000000000000001,5.147159479808351
2023-11-19,0.1247,4.604285714285714,15.4,5.414285714285714,1.0,3.0,10.0,83.0,-0.8660254037844386,0.5000000000000001,5.174537987679671
2023-12-14,0.1539,4.088571428571429,10.6,0.0,0.0,0.0,3.72,58.0,-0.5000000000000004,0.8660254037844384,5.242984257357974
2024-01-08,0.1084,6.724285714285714,16.2,0.8857142857142858,4.0,1.0,9.76,33.0,0.0,1.0,5.3114305270362765
2024-02-12,0.1683,5.235714285714286,14.3,5.671428571428572,2.0,3.0,2.47,2.0,0.49999999999999994,0.8660254037844387,5.4072553045859
2024-03-08,0.0992,6.159999999999999,13.2,2.814285714285714,2.0,4.0,5.71,27.0,0.8660254037844386,0.5000000000000001,5.475701574264202
2024-04-02,0.0967,6.125714285714286,14.6,3.4,2.0,2.0,5.41,52.0,1.0,6.123233995736766e-17,5.544147843942505
2024-10-19,0.1423,4.344285714285714,10.1,0.09999999999999999,0.0,0.0,4.79,90.0,-1.0,-1.8369701987210297e-16,6.091718001368926
2024-11-03,0.11,6.42,16.4,0.12857142857142856,3.0,0.0,10.19,87.0,-0.8660254037844386,0.5000000000000001,6.132785763175907
2024-11-08,0.1316,6.630000000000001,16.4,0.12857142857142856,3.0,0.0,3.94,82.0,-0.8660254037844386,0.5000000000000001,6.146475017111568
2024-11-13,0.0989,4.93,12.5,0.0,1.0,0.0,3.36,77.0,-0.8660254037844386,0.5000000000000001,6.160164271047228
2024-12-18,0.1074,2.5028571428571427,7.1,0.014285714285714287,0.0,0.0,2.83,42.0,-0.5000000000000004,0.8660254037844384,6.2559890485968515
2025-01-12,0.0939,3.552857142857143,15.6,0.0,1.0,0.0,3.79,17.0,0.0,1.0,6.324435318275154
2025-03-08,0.1485,4.698571428571428,16.1,3.742857142857143,4.0,4.0,2.69,38.0,0.8660254037844386,0.5000000000000001,6.4750171115674195
2025-04-04,0.1014,5.428571428571429,19.8,0.6714285714285715,5.0,1.0,4.76,65.0,1.0,6.123233995736766e-17,6.548939082819986
2025-10-29,0.1058,2.9914285714285715,11.8,0.0,0.0,0.0,3.6,90.0,-1.0,-1.8369701987210297e-16,7.1184120465434635
2025-11-23,0.1582,3.8771428571428572,11.5,8.528571428571428,0.0,4.0,2.55,86.0,-0.8660254037844386,0.5000000000000001,7.186858316221766
2025-11-28,0.113,2.7157142857142853,7.0,0.0,0.0,0.0,2.34,81.0,-0.8660254037844386,0.5000000000000001,7.200547570157426
2025-12-08,0.1659,2.2185714285714284,7.3,0.05714285714285715,0.0,0.0,2.66,71.0,-0.5000000000000004,0.8660254037844384,7.227926078028747
2025-12-28,0.1301,4.5200000000000005,21.5,12.571428571428571,3.0,5.0,2.61,51.0,-0.5000000000000004,0.8660254037844384,7.282683093771389
2026-01-09,0.0895,4.052857142857143,13.5,2.857142857142857,2.0,3.0,6.01,39.0,0.0,1.0,7.315537303216975
2026-02-01,0.1223,2.94,7.4,0.0,0.0,0.0,3.05,16.0,0.49999999999999994,0.8660254037844387,7.378507871321013
2026-03-08,0.1083,3.6057142857142854,11.8,0.0,0.0,0.0,4.25,19.0,0.8660254037844386,0.5000000000000001,7.474332648870637
2026-03-18,0.1529,3.16,9.4,0.0,0.0,0.0,2.86,29.0,0.8660254037844386,0.5000000000000001,7.501711156741957
2026-03-20,0.1246,2.9771428571428573,8.8,0.0,0.0,0.0,3.02,31.0,0.8660254037844386,0.5000000000000001,7.507186858316222
2026-04-07,0.1225,3.5042857142857144,11.7,0.6142857142857142,0.0,1.0,3.04,49.0,1.0,6.123233995736766e-17,7.5564681724846
