port_id,date,n_ships,n_proposals,water_area_km2,density,mean_conf,aoi_cloud_frac,scene,occupancy
USLAX,2018-09-16,74,233,424.87,0.1742,0.756,0.0,USLAX_2018-09-16.png,high
USLAX,2018-10-16,46,146,425.235,0.1082,0.684,0.0,USLAX_2018-10-16.png,low
USLAX,2018-10-31,35,138,424.817,0.0824,0.732,0.0,USLAX_2018-10-31.png,low
USLAX,2018-12-15,50,174,425.345,0.1176,0.733,0.0,USLAX_2018-12-15.png,low
USLAX,2018-12-30,88,466,419.147,0.21,0.73,0.0,USLAX_2018-12-30.png,high
USLAX,2019-01-04,57,175,425.35,0.134,0.742,0.0,USLAX_2019-01-04.png,medium
USLAX,2019-01-19,61,197,423.834,0.1439,0.739,0.0,USLAX_2019-01-19.png,medium
USLAX,2019-02-08,66,202,428.047,0.1542,0.775,0.0,USLAX_2019-02-08.png,high
USLAX,2019-03-30,55,195,424.342,0.1296,0.749,0.0,USLAX_2019-03-30.png,medium
USLAX,2019-09-06,61,171,424.942,0.1435,0.732,0.0,USLAX_2019-09-06.png,medium
USLAX,2019-09-21,52,187,426.499,0.1219,0.723,0.0,USLAX_2019-09-21.png,medium
USLAX,2019-10-06,104,256,425.366,0.2445,0.757,0.0,USLAX_2019-10-06.png,high
USLAX,2019-10-26,71,218,426.482,0.1665,0.763,0.0,USLAX_2019-10-26.png,high
USLAX,2019-11-05,39,175,426.73,0.0914,0.757,0.0,USLAX_2019-11-05.png,low
USLAX,2020-01-29,48,139,424.783,0.113,0.722,0.0,USLAX_2020-01-29.png,low
USLAX,2020-09-30,40,138,425.199,0.0941,0.745,0.0,USLAX_2020-09-30.png,low
USLAX,2020-11-04,44,181,428.533,0.1027,0.712,0.0,USLAX_2020-11-04.png,low
USLAX,2020-11-09,46,142,424.768,0.1083,0.749,0.0,USLAX_2020-11-09.png,low
USLAX,2020-11-29,64,174,425.067,0.1506,0.745,0.0,USLAX_2020-11-29.png,high
USLAX,2020-12-19,52,177,425.454,0.1222,0.724,0.0,USLAX_2020-12-19.png,medium
USLAX,2020-12-29,50,181,421.96,0.1185,0.693,0.0,USLAX_2020-12-29.png,low
USLAX,2021-02-17,72,194,424.267,0.1697,0.76,0.0,USLAX_2021-02-17.png,high
USLAX,2021-02-22,62,174,424.716,0.146,0.719,0.0,USLAX_2021-02-22.png,medium
USLAX,2021-02-27,64,336,424.539,0.1508,0.717,0.0,USLAX_2021-02-27.png,high
USLAX,2021-03-04,67,188,425.23,0.1576,0.761,0.0,USLAX_2021-03-04.png,high
USLAX,2021-03-24,48,168,424.571,0.1131,0.768,0.0,USLAX_2021-03-24.png,low
USLAX,2021-09-30,70,172,424.514,0.1649,0.786,0.0,USLAX_2021-09-30.png,high
USLAX,2021-10-05,86,189,424.982,0.2024,0.766,0.0,USLAX_2021-10-05.png,high
USLAX,2021-10-10,112,240,425.474,0.2632,0.778,0.0,USLAX_2021-10-10.png,high
USLAX,2021-10-15,72,176,424.53,0.1696,0.764,0.0,USLAX_2021-10-15.png,high
USLAX,2021-11-14,84,212,424.865,0.1977,0.747,0.0,USLAX_2021-11-14.png,high
USLAX,2021-12-19,58,212,425.739,0.1362,0.758,0.0,USLAX_2021-12-19.png,medium
USLAX,2022-01-03,64,181,428.055,0.1495,0.787,0.0,USLAX_2022-01-03.png,high
USLAX,2022-01-23,57,157,425.321,0.134,0.772,0.0,USLAX_2022-01-23.png,medium
USLAX,2022-02-07,58,162,424.358,0.1367,0.742,0.0,USLAX_2022-02-07.png,medium
USLAX,2022-02-12,86,261,424.581,0.2026,0.753,0.0,USLAX_2022-02-12.png,high
USLAX,2022-03-09,33,126,424.994,0.0776,0.731,0.0,USLAX_2022-03-09.png,low
USLAX,2022-04-08,59,192,423.958,0.1392,0.799,0.0,USLAX_2022-04-08.png,medium
USLAX,2022-09-25,67,223,425.158,0.1576,0.764,0.0,USLAX_2022-09-25.png,high
USLAX,2022-10-25,63,212,425.395,0.1481,0.749,0.0,USLAX_2022-10-25.png,high
USLAX,2022-10-30,60,193,427.305,0.1404,0.774,0.0,USLAX_2022-10-30.png,medium
USLAX,2022-11-19,49,147,425.16,0.1153,0.749,0.0,USLAX_2022-11-19.png,low
USLAX,2022-12-09,50,187,428.532,0.1167,0.736,0.0,USLAX_2022-12-09.png,low
USLAX,2022-12-19,55,165,426.85,0.1289,0.729,0.0,USLAX_2022-12-19.png,medium
USLAX,2023-01-23,44,180,428.431,0.1027,0.782,0.0,USLAX_2023-01-23.png,low
USLAX,2023-02-07,58,183,427.195,0.1358,0.796,0.0,USLAX_2023-02-07.png,medium
USLAX,2023-03-09,41,124,422.726,0.097,0.752,0.0,USLAX_2023-03-09.png,low
USLAX,2023-09-25,50,208,421.951,0.1185,0.727,0.0,USLAX_2023-09-25.png,low
USLAX,2023-10-05,57,140,425.484,0.134,0.769,0.0,USLAX_2023-10-05.png,medium
USLAX,2023-10-20,69,202,427.333,0.1615,0.779,0.0,USLAX_2023-10-20.png,high
USLAX,2023-11-09,44,131,425.253,0.1035,0.736,0.0,USLAX_2023-11-09.png,low
USLAX,2023-11-19,53,146,425.138,0.1247,0.752,0.0,USLAX_2023-11-19.png,medium
USLAX,2023-12-14,66,214,428.94,0.1539,0.733,0.0,USLAX_2023-12-14.png,high
USLAX,2024-01-08,46,156,424.503,0.1084,0.754,0.0,USLAX_2024-01-08.png,low
USLAX,2024-02-12,72,179,427.853,0.1683,0.8,0.0,USLAX_2024-02-12.png,high
USLAX,2024-03-08,42,147,423.461,0.0992,0.744,0.0,USLAX_2024-03-08.png,low
USLAX,2024-04-02,41,155,424.126,0.0967,0.69,0.0,USLAX_2024-04-02.png,low
USLAX,2024-10-19,61,207,428.551,0.1423,0.714,0.0,USLAX_2024-10-19.png,medium
USLAX,2024-11-03,47,173,427.218,0.11,0.739,0.0,USLAX_2024-11-03.png,low
USLAX,2024-11-08,56,136,425.678,0.1316,0.785,0.0,USLAX_2024-11-08.png,medium
USLAX,2024-11-13,42,136,424.772,0.0989,0.777,0.0,USLAX_2024-11-13.png,low
USLAX,2024-12-18,46,194,428.253,0.1074,0.764,0.0,USLAX_2024-12-18.png,low
USLAX,2025-01-12,40,177,426.06,0.0939,0.685,0.0,USLAX_2025-01-12.png,low
USLAX,2025-03-08,63,170,424.363,0.1485,0.719,0.0,USLAX_2025-03-08.png,high
USLAX,2025-04-04,43,165,423.919,0.1014,0.697,0.0,USLAX_2025-04-04.png,low
USLAX,2025-10-29,45,146,425.34,0.1058,0.808,0.0,USLAX_2025-10-29.png,low
USLAX,2025-11-23,67,359,423.49,0.1582,0.741,0.0,USLAX_2025-11-23.png,high
USLAX,2025-11-28,48,202,424.695,0.113,0.748,0.0,USLAX_2025-11-28.png,low
USLAX,2025-12-08,65,396,391.915,0.1659,0.747,0.0,USLAX_2025-12-08.png,high
USLAX,2025-12-28,55,148,422.695,0.1301,0.726,0.0,USLAX_2025-12-28.png,medium
USLAX,2026-01-09,38,155,424.722,0.0895,0.748,0.0,USLAX_2026-01-09.png,low
USLAX,2026-02-01,52,197,425.2,0.1223,0.715,0.0,USLAX_2026-02-01.png,medium
USLAX,2026-03-08,46,148,424.813,0.1083,0.75,0.0,USLAX_2026-03-08.png,low
USLAX,2026-03-18,65,154,425.138,0.1529,0.783,0.0,USLAX_2026-03-18.png,high
USLAX,2026-03-20,53,143,425.407,0.1246,0.766,0.0,USLAX_2026-03-20.png,medium
USLAX,2026-04-07,52,161,424.35,0.1225,0.747,0.0,USLAX_2026-04-07.png,medium
